target distance, reaction time, accuracy
5,-1,0.78996
5,-1,0.5872513
5,-1,0.5178907
5,-1,0.7962739
