target distance, reaction time, accuracy
5,-1,0.3199343
5,-1,0.60602
5,-1,0.779176
5,-1,0.5817013
5,-1,0.8183348
5,-1,0.6813428
