target distance, reaction time, accuracy
5,-1,0.8331209
5,-1,0.5370972
5,-1,0.8685066
5,-1,0.9439723
5,-1,0.8741943
5,-1,0.8105286
5,-1,0.7981694
5,-1,0.9431958
5,3.069443,0.7890071
5,-1,0.9118717
5,2.611099,0.6349683
5,-1,0.9380115
5,0.6532288,0.8301751
25,-1,0.8194118
25,-1,0.244377
25,3.277344,0.3297811
15,2.374969,0.464913
