mean, deviation
0,0
0,0
0.4202664,0.06493293
0.1263291,0
0.1263291,0
0.3948667,0.2685376
