mean, deviation
0.4018093,0.213227
0.4018093,0.213227
0.9181309,0
